Series 1,Series 2,Series 3
0.5412727229635356,-0.475567580165586,-0.1847345059825032
