Series,Log_Returns
1.0,
2.0,0.6931471805599453
3.0,0.4054651081081644
4.0,0.28768207245178085
5.0,0.22314355131420976
