Series_1,Series_2
0.4054651081081644,0.6931471805599453
0.28768207245178085,0.4054651081081644
