Stock_A,Stock_B
0.04879016416943204,0.03922071315328133
0.04652001563489291,0.03774032798284711
0.08701137698962969,0.08855339734144503
0.0408219945202552,0.01680711831638119
