Series,Log_Returns
1.0,
2.0,0.6931471805599453
3.0,0.4054651081081644
