Maturity,Extended Zero Rates
0.08,0.01
0.25,0.012
0.5,0.014
1.0,0.016
1.5,0.018
2.0,0.02
2.0,0.0
3.0,0.022
3.0,0.0
4.0,0.024
5.0,0.026
5.0,0.0
7.0,0.028
7.0,0.0
10.0,0.04944833628242644
15.0,0.038171199980283926
20.0,0.03295310032372874
25.0,0.030202839515619882
30.0,0.02873455878555021
35.0,0.028053852280830984
