Maturity,Extended Zero Rates
0.08,0.01
0.25,0.012
0.5,0.014
1.0,0.016
1.5,0.018
2.0,0.02
2.0,0.0
3.0,0.022
3.0,0.0
4.0,0.024
4.0,0.0
5.0,0.026
5.0,0.0
7.0,0.028
7.0,0.0
10.0,0.04483286306387911
15.0,0.03321189787931504
20.0,0.027570282388301948
25.0,0.024329530978153047
30.0,0.022298128095628658
