Forward Period,Start Maturity (Years),End Maturity (Years),Forward Rate
0.5 → 1.0,0.5,1.0,0.019003940886699544
1.0 → 1.5,1.0,1.5,0.02150664043125272
2.0 → 2.5,2.0,2.5,0.027522091286835693
3.0 → 3.5,3.0,3.5,0.030020561335838636
4.0 → 4.5,4.0,4.5,0.034035202020747723
5.0 → 5.5,5.0,5.5,0.0352801902418991
7.0 → 7.5,7.0,7.5,0.03752553912519119
