Forward Period,Start Maturity (Years),End Maturity (Years),Forward Rate
0.5 → 1.0,0.5,1.0,0.019003940886699544
1.0 → 2.0,1.0,2.0,0.02300884955752225
2.0 → 3.0,2.0,3.0,0.029026496539792168
3.0 → 4.0,3.0,4.0,0.03102349100277224
4.0 → 5.0,4.0,5.0,0.0350391006097126
5.0 → 7.0,5.0,7.0,0.03753839584297025
7.0 → 10.0,7.0,10.0,0.04003402458100558
