Maturities (Years),Forward Rates
1.0,0.019003940886699544
2.0,0.02300884955752225
3.0,0.029026496539792168
4.0,0.03102349100277224
5.0,0.0350391006097126
7.0,0.03753839584297025
10.0,0.04003402458100558
