Maturity,Zero Rate
0.25,0.2025424638743183
0.5,0.20938592148883678
1.0,0.2107210313156527
1.5,0.2626445758428875
2.0,0.3262602248256443
