Maturity,Zero Rate
0.25,0.10387902695594953
0.5,0.10748155953635408
1.0,0.10818510677891968
1.5,0.08249577728921231
2.0,0.06591499704140524
