Maturity,Zero Rate
1.0,0.0454030090394788
2.0,0.02523557359376216
3.0,0.04493203921354039
4.0,0.022872113806283068
5.0,0.02264460152775616
