Maturity,Zero Rate
0.25,1.4369299770884703
0.5,1.490987321864309
1.0,1.5970153924355432
1.5,0.18485708472837148
2.0,0.2285146491832788
