Maturity,Zero Rate
0.25,0.10127123193715915
0.5,0.10469296074441839
1.0,0.10536051565782635
1.5,0.2943406407136291
2.0,0.37241028179137614
