Maturity,Zero Rate
0.25,0.10127123193715915
0.5,0.10469296074441839
1.0,0.10536051565782635
1.5,0.13218372541764728
2.0,0.135092065726741
