Maturity,Zero Rate (Continuous Compounding)
0.5,0.056218021425921264
1.0,0.09430170570111909
1.5,0.11398386746760515
2.0,0.14051396875360653
2.5,0.1471477087406376
3.0,0.20304886735057587
3.5,0.18661387304773785
4.0,0.2435766465608511
4.5,0.24516473087288687
5.0,0.2539030010612945
5.5,0.2665561273095904
6.0,0.2741449453911853
6.5,0.28450239003295286
7.0,0.29577655209302406
7.5,0.3088902072643849
