Maturity,Zero Rate
0.25,0.012658903992144893
0.5,0.052346480372209195
1.0,0.2107210313156527
1.5,0.27187697978994274
2.0,0.3383701361398659
