Maturity,Zero Rate
0.25,-1.335658745151311
0.5,-1.2816014003754723
1.0,-1.175573329804238
1.5,2.0751761899171237
2.0,
