Maturity,Zero Rate (Continuous Compounding)
0.5,0.044501217869639446
1.0,0.06870949800714565
1.5,0.10059016876715318
2.0,0.10635447611805458
2.5,0.11245723129196723
3.0,0.11891689822095275
3.5,0.12577970574592234
4.0,0.08335652226420619
4.5,0.14312066020434994
5.0,0.08986514217669321
5.5,0.16456752045136167
6.0,0.17545030620975594
6.5,0.10209506364792527
7.0,0.20924323176603693
7.5,0.22816078629628242
