Index,Forecast
99,0.027098207032856376
100,0.019748497136426246
101,0.013608848160615514
102,0.015139684981235003
103,0.012343514177840883
104,0.013383681110106653
105,0.01206150450028792
106,0.012686202091724002
107,0.012042135629227176
108,0.012396005409381851
